{"pick_slice_frames": [{"dtype": "compas.geometry/Frame", "value": {"yaxis": [-0.9341431515874945, 0.35689854628757367, 0.0], "xaxis": [-0.35689854628757367, -0.9341431515874945, 0.0], "point": [1750.0000000000002, 500.00000000000028, -497.0]}}], "rotated_safe2_frames": [{"dtype": "compas.geometry/Frame", "value": {"yaxis": [-0.9341431515874945, 0.0, 0.35689854628757367], "xaxis": [-0.35689854628757367, -0.0, -0.9341431515874945], "point": [1750.0000000000002, 500.00000000000023, 703.0]}}], "place_slice_frames": [{"dtype": "compas.geometry/Frame", "value": {"yaxis": [-0.93414315158749495, 0.0, 0.35689854628757239], "xaxis": [-0.35689854628757239, 0.0, -0.93414315158749495], "point": [1.1184424174333779e-13, 1068.4724344113456, 475.00000000000023]}}], "safe2_frames": [{"dtype": "compas.geometry/Frame", "value": {"yaxis": [-0.9341431515874945, 0.35689854628757367, 0.0], "xaxis": [-0.35689854628757367, -0.9341431515874945, 0.0], "point": [1750.0000000000002, 500.00000000000028, 703.0]}}], "place_offset_frames": [{"dtype": "compas.geometry/Frame", "value": {"yaxis": [-0.93414315158749495, 0.0, 0.35689854628757239], "xaxis": [-0.35689854628757239, 0.0, -0.93414315158749495], "point": [1.1184424174333779e-13, 1118.4724344113456, 675.00000000000023]}}]}