{"pick_slice_frames": [{"dtype": "compas.geometry/Frame", "value": {"yaxis": [1.0, -0.0, 0.0], "xaxis": [0.0, 1.0, 0.0], "point": [195.0, 767.0, 18.000000000000909]}}], "rotated_safe2_frames": [{"dtype": "compas.geometry/Frame", "value": {"yaxis": [1.0, 0.0, 0.0], "xaxis": [0.0, 0.0, 1.0], "point": [195.0, 767.0, 868.00000000000091]}}], "place_slice_frames": [{"dtype": "compas.geometry/Frame", "value": {"yaxis": [1.0, 0.0, 0.0], "xaxis": [0.0, 0.0, 1.0], "point": [125.00000000000001, 679.57142857142753, 749.99999999999977]}}], "safe2_frames": [{"dtype": "compas.geometry/Frame", "value": {"yaxis": [1.0, -0.0, 0.0], "xaxis": [0.0, 1.0, 0.0], "point": [195.0, 767.0, 868.00000000000091]}}], "place_offset_frames": [{"dtype": "compas.geometry/Frame", "value": {"yaxis": [1.0, 0.0, 0.0], "xaxis": [0.0, 0.0, 1.0], "point": [225.0, 739.57142857142753, 849.99999999999977]}}]}