{"pick_slice_frames": [{"dtype": "compas.geometry/Frame", "value": {"yaxis": [1.0, -0.0, 0.0], "xaxis": [0.0, 1.0, 0.0], "point": [195.0, 767.0, 18.000000000000455]}}], "rotated_safe2_frames": [{"dtype": "compas.geometry/Frame", "value": {"yaxis": [1.0, 0.0, 0.0], "xaxis": [0.0, 0.0, 1.0], "point": [195.0, 767.0, 868.00000000000045]}}], "place_slice_frames": [{"dtype": "compas.geometry/Frame", "value": {"yaxis": [1.0, 0.0, 0.0], "xaxis": [0.0, 0.0, 1.0], "point": [125.00000000000001, 387.28571428571354, 749.99999999999977]}}], "safe2_frames": [{"dtype": "compas.geometry/Frame", "value": {"yaxis": [1.0, -0.0, 0.0], "xaxis": [0.0, 1.0, 0.0], "point": [195.0, 767.0, 868.00000000000045]}}], "place_offset_frames": [{"dtype": "compas.geometry/Frame", "value": {"yaxis": [1.0, 0.0, 0.0], "xaxis": [0.0, 0.0, 1.0], "point": [225.0, 447.28571428571354, 849.99999999999977]}}]}