{"pick_slice_frames": [{"dtype": "compas.geometry/Frame", "value": {"yaxis": [1.0, -0.0, 0.0], "xaxis": [0.0, 1.0, 0.0], "point": [195.0, 767.0, 17.999999999999545]}}], "rotated_safe2_frames": [{"dtype": "compas.geometry/Frame", "value": {"yaxis": [1.0, 0.0, 0.0], "xaxis": [0.0, 0.0, 1.0], "point": [195.0, 767.0, 867.99999999999955]}}], "place_slice_frames": [{"dtype": "compas.geometry/Frame", "value": {"yaxis": [1.0, 0.0, 0.0], "xaxis": [0.0, 0.0, 1.0], "point": [125.00000000000001, 1053.1867201256309, 749.99999999999977]}}], "safe2_frames": [{"dtype": "compas.geometry/Frame", "value": {"yaxis": [1.0, -0.0, 0.0], "xaxis": [0.0, 1.0, 0.0], "point": [195.0, 767.0, 867.99999999999955]}}], "place_offset_frames": [{"dtype": "compas.geometry/Frame", "value": {"yaxis": [1.0, 0.0, 0.0], "xaxis": [0.0, 0.0, 1.0], "point": [225.0, 1113.1867201256309, 849.99999999999977]}}]}