{"pick_slice_frames": [{"dtype": "compas.geometry/Frame", "value": {"yaxis": [1.0, -0.0, 0.0], "xaxis": [0.0, 1.0, 0.0], "point": [195.0, 1000.0000000000002, 18.000000000000455]}}], "rotated_safe2_frames": [{"dtype": "compas.geometry/Frame", "value": {"yaxis": [1.0, 0.0, 0.0], "xaxis": [0.0, 0.0, 1.0], "point": [195.0, 1000.0000000000002, 968.00000000000045]}}], "place_slice_frames": [{"dtype": "compas.geometry/Frame", "value": {"yaxis": [1.0, 0.0, 0.0], "xaxis": [0.0, 0.0, 1.0], "point": [125.00000000000001, 1345.4724344113456, 750.00000000000023]}}], "safe2_frames": [{"dtype": "compas.geometry/Frame", "value": {"yaxis": [1.0, -0.0, 0.0], "xaxis": [0.0, 1.0, 0.0], "point": [195.0, 1000.0000000000002, 968.00000000000045]}}], "place_offset_frames": [{"dtype": "compas.geometry/Frame", "value": {"yaxis": [1.0, 0.0, 0.0], "xaxis": [0.0, 0.0, 1.0], "point": [125.00000000000001, 1395.4724344113456, 950.00000000000023]}}]}