{"pick_slice_frames": [{"dtype": "compas.geometry/Frame", "value": {"yaxis": [0.26141547572831214, -0.9652263719199452, 0.0], "xaxis": [0.9652263719199452, 0.26141547572831214, 0.0], "point": [195.00000000000068, 767.00000000000023, 18.000000000000796]}}], "rotated_safe2_frames": [{"dtype": "compas.geometry/Frame", "value": {"yaxis": [0.26141547572831214, 0.0, -0.9652263719199452], "xaxis": [0.9652263719199452, 0.0, 0.26141547572831214], "point": [195.00000000000068, 767.00000000000023, 318.0000000000008]}}], "place_slice_frames": [{"dtype": "compas.geometry/Frame", "value": {"yaxis": [0.26141547572830942, 0.0, -0.96522637191994587], "xaxis": [0.96522637191994587, 0.0, 0.26141547572830942], "point": [125.00000000000014, 604.47243441134719, 200.0]}}], "safe2_frames": [{"dtype": "compas.geometry/Frame", "value": {"yaxis": [0.26141547572831214, -0.9652263719199452, 0.0], "xaxis": [0.9652263719199452, 0.26141547572831214, 0.0], "point": [195.00000000000068, 767.00000000000023, 318.0000000000008]}}], "place_offset_frames": [{"dtype": "compas.geometry/Frame", "value": {"yaxis": [0.26141547572830942, 0.0, -0.96522637191994587], "xaxis": [0.96522637191994587, 0.0, 0.26141547572830942], "point": [225.00000000000014, 664.47243441134719, 300.0]}}]}