{"pick_slice_frames": [{"dtype": "compas.geometry/Frame", "value": {"yaxis": [0.35689854628757489, 0.93414315158749406, 0.0], "xaxis": [-0.93414315158749406, 0.35689854628757489, 0.0], "point": [194.99999999999977, 999.99999999999955, 380.0]}}], "rotated_safe2_frames": [{"dtype": "compas.geometry/Frame", "value": {"yaxis": [0.35689854628757489, 0.0, 0.93414315158749406], "xaxis": [-0.93414315158749406, 0.0, 0.35689854628757489], "point": [1749.9999999999998, 499.99999999999955, 1720.0]}}], "place_slice_frames": [{"dtype": "compas.geometry/Frame", "value": {"yaxis": [0.35689854628757733, 0.0, 0.93414315158749306], "xaxis": [-0.93414315158749306, 0.0, 0.35689854628757733], "point": [125.0000000000002, 363.4724344113456, 1362.0]}}], "safe2_frames": [{"dtype": "compas.geometry/Frame", "value": {"yaxis": [0.35689854628757489, 0.93414315158749406, 0.0], "xaxis": [-0.93414315158749406, 0.35689854628757489, 0.0], "point": [1749.9999999999998, 499.9999999999996, 1720.0]}}], "place_offset_frames": [{"dtype": "compas.geometry/Frame", "value": {"yaxis": [0.35689854628757733, 0.0, 0.93414315158749306], "xaxis": [-0.93414315158749306, 0.0, 0.35689854628757733], "point": [125.0000000000002, 413.4724344113456, 1562.0]}}]}